-- insert Client

Insert into CLIENT values ('c3001', 'Albert Allen', 'Sunnyside', 'Buffalo', 'New York', 1050, 'www.cardify.com', 'Albert', 'Allen', '1-(716)143-3497', 'aallen0@google.nl');
Insert into CLIENT values ('c3002', 'Kenneth Washington', '3rd', 'El Paso', 'Texas', 40, 'www.duobam.com', 'Kenneth', 'Washington', '1-(915)923-2727', 'kwashington1@foxnews.com');
Insert into CLIENT values ('c3003', 'Philip Dixon', 'Green Ridge', 'Schenectady', 'New York', 67680, 'www.alphazap.com', 'Philip', 'Dixon', '1-(518)899-0792', 'pdixon2@nba.com');
Insert into CLIENT values ('c3004', 'Debra Russell', 'Elka', 'Fairmont', 'West Virginia', 76225, 'www.latlux.com', 'Debra', 'Russell', '1-(423)723-5349', 'drussell3@is.gd');
Insert into CLIENT values ('c3005', 'Diane Hamilton', 'Raven', 'Pittsburgh', 'Pennsylvania', 389, 'www.keylex.com', 'Diane', 'Hamilton', '1-(312)632-3433', 'dhamilton4@about.me');
Insert into CLIENT values ('c3006', 'Billy Thomas', 'Iowa', 'Phoenix', 'Arizona', 29, 'www.stringtough.com', 'Billy', 'Thomas', '1-(602)425-6180', 'bthomas5@timesonline.co.uk');
Insert into CLIENT values ('c3007', 'Jose Robertson', 'Monument', 'Hagerstown', 'Maryland', 36949, 'www.keylex.com', 'Jose', 'Robertson', '1-(240)516-3760', 'jrobertson6@state.gov');
Insert into CLIENT values ('c3008', 'Ryan Evans', 'Scoville', 'Durham', 'North Carolina', 3203, 'www.toughjoyfax.com', 'Ryan', 'Evans', '1-(919)277-7535', 'revans7@hugedomains.com');
Insert into CLIENT values ('c3009', 'Irene Fowler', 'Hanover', 'Savannah', 'Georgia', 6, 'www.zoolab.com', 'Irene', 'Fowler', '1-(912)211-2152', 'ifowler8@tinypic.com');
Insert into CLIENT values ('c3010', 'Karen Cole', 'Badeau', 'Baton Rouge', 'Louisiana', 4016, 'www.toughjoyfax.com', 'Karen', 'Cole', '1-(225)203-6358', 'kcole9@usatoday.com');
Insert into CLIENT values ('c3011', 'Albert Watkins', 'Forest Dale', 'Minneapolis', 'Minnesota', 16992, 'www.it.com', 'Albert', 'Watkins', '1-(651)482-7156', 'awatkinsa@wikia.com');
Insert into CLIENT values ('c3012', 'Russell Patterson', 'Mosinee', 'Charleston', 'West Virginia', 2, 'www.transcof.com', 'Russell', 'Patterson', '1-(203)948-3305', 'rpattersonb@scientificamerican.com');
Insert into CLIENT values ('c3013', 'Jose Carr', 'Gateway', 'Huntington', 'West Virginia', 694, 'www.latlux.com', 'Jose', 'Carr', '1-(407)857-3959', 'jcarrc@icq.com');
Insert into CLIENT values ('c3014', 'Jesse Carter', 'Almo', 'Amarillo', 'Texas', 94645, 'www.cardguard.com', 'Jesse', 'Carter', '1-(806)211-1638', 'jcarterd@usda.gov');
Insert into CLIENT values ('c3015', 'Joan Flores', 'Scofield', 'Charleston', 'West Virginia', 410, 'www.gembucket.com', 'Joan', 'Flores', '1-(206)266-8233', 'jflorese@usgs.gov');

-- insert employee

Insert into EMPLOYEE values (111, 'Kathleen', 'Simpson', 'Manager', '54-(410)848-8298', 'ksimpson0@geekrent.com', '03-Apr-1977', 'Female', 10000, '27-Jul-2009', 100, NULL);
Insert into EMPLOYEE values (211, 'Diane', 'Bell', 'Manager', '45-(879)873-3806', 'dbell1@geekrent.com', '20-May-1976', 'Female', 5000, '05-Feb-2008', 200, NULL);
Insert into EMPLOYEE values (311, 'Gregory', 'Jackson', 'Manager', '7-(282)308-5968', 'gjackson2@geekrent.com', '29-Jul-1962', 'Male', 5000, '07-Jun-2005', 300, NULL);
Insert into EMPLOYEE values (411, 'Randy', 'Thomas', 'Manager', '62-(601)913-6641', 'rthomas3@geekrent.com', '05-Nov-1976', 'Male', 10000, '09-Apr-2005', 400, NULL);
Insert into EMPLOYEE values (121, 'Diana', 'Fuller', 'Accounting Analyst', '970-(813)953-9124', 'dfuller4@geekrent.com', '10-Oct-1983', 'Female', 5000, '28-Jul-2007', 100, 111);
Insert into EMPLOYEE values (221, 'Lori', 'Lynch', 'Accounting Analyst', '86-(282)473-7227', 'llynch5@geekrent.com', '09-Aug-1979', 'Female', 8000, '11-Feb-2008', 200, 211);
Insert into EMPLOYEE values (323, 'Teresa', 'Barnes', 'Accounting Analyst', '47-(445)954-6215', 'tbarnes6@geekrent.com', '15-Dec-1973', 'Female', 7000, '29-Aug-2015', 300, 311);
Insert into EMPLOYEE values (425, 'Nicholas', 'Ryan', 'Accounting Analyst', '225-(189)228-4361', 'nryan7@geekrent.com', '01-Feb-1978', 'Male', 9000, '26-Mar-2010', 400, 411);
Insert into EMPLOYEE values (131, 'Theresa', 'Gonzalez', 'Promoter', '62-(429)974-3440', 'tgonzalez8@geekrent.com', '27-Oct-1973', 'Female', 10000, '13-Jan-2015', 100, 111);
Insert into EMPLOYEE values (132, 'Henry', 'Reed', 'Promoter', '86-(349)951-7482', 'hreed9@geekrent.com', '15-Jul-1975', 'Male', 5000, '14-Jun-2006', 100, 111);
Insert into EMPLOYEE values (133, 'David', 'Nguyen', 'Promoter', '44-(524)159-8742', 'dnguyena@geekrent.com', '14-Jul-1980', 'Male', 7000, '07-Aug-2011', 100, 111);
Insert into EMPLOYEE values (231, 'Joseph', 'Parker', 'Promoter', '62-(696)171-8532', 'jparkerb@geekrent.com', '24-Feb-1988', 'Male', 10000, '10-Mar-2010', 200, 211);
Insert into EMPLOYEE values (234, 'Carolyn', 'Carpenter', 'Promoter', '54-(177)525-1712', 'ccarpenterc@geekrent.com', '19-Dec-1988', 'Female', 5000, '03-Jul-2007', 200, 211);
Insert into EMPLOYEE values (333, 'Evelyn', 'Baker', 'Promoter', '385-(609)611-1256', 'ebakerd@geekrent.com', '29-Apr-1971', 'Female', 5000, '12-Mar-2012', 300, 311);
Insert into EMPLOYEE values (334, 'Laura', 'Webb', 'Promoter', '7-(832)102-4199', 'lwebbe@geekrent.com', '19-Apr-1981', 'Female', 8000, '08-Mar-2011', 300, 311);
Insert into EMPLOYEE values (431, 'Keith', 'Tucker', 'Promoter', '62-(242)437-0299', 'ktuckerf@geekrent.com', '17-May-1984', 'Male', 8000, '18-Aug-2010', 400, 411);
Insert into EMPLOYEE values (432, 'Evelyn', 'Gardner', 'Promoter', '261-(625)179-3550', 'egardnerg@geekrent.com', '12-Jan-1970', 'Female', 5000, '25-Feb-2005', 400, 411);
Insert into EMPLOYEE values (141, 'Nicholas', 'Cruz', 'Repairman', '86-(841)238-7931', 'ncruzh@geekrent.com', '04-Jan-1987', 'Male', 8000, '23-Mar-2012', 100, 111);
Insert into EMPLOYEE values (142, 'Ruth', 'Cunningham', 'Repairman', '33-(920)166-4307', 'rcunninghami@geekrent.com', '23-Sep-1988', 'Female', 7000, '07-Feb-2008', 100, 111);
Insert into EMPLOYEE values (243, 'Linda', 'Castillo', 'Repairman', '7-(206)638-9508', 'lcastilloj@geekrent.com', '11-Dec-1964', 'Female', 5000, '29-Jan-2007', 200, 211);
Insert into EMPLOYEE values (342, 'Steve', 'Howell', 'Repairman', '373-(935)556-4441', 'showellk@geekrent.com', '15-Feb-1989', 'Male', 7000, '27-Nov-2009', 300, 311);
Insert into EMPLOYEE values (441, 'Kevin', 'Foster', 'Repairman', '63-(428)167-7759', 'kfosterl@geekrent.com', '03-Jan-1970', 'Male', 11000, '10-Jun-2015', 400, 411);

-- insert outlet

INSERT INTO OUTLET VALUES (100, 'Forbes Avenue', 'Pittsburgh','Pennsylvania', 15213, '(08) 8110 9900', 111);
INSERT INTO OUTLET VALUES (200, 'St. Joseph', 'Huntington','West Virginia', 11743, '+1 260-356-6000', 211);
INSERT INTO OUTLET VALUES (300, '405 Hilgard Avenue', 'Los Angeles','California', 90095, '310-825-4321', 311);
INSERT INTO OUTLET VALUES (400, '1410 NE Campus Parkway', 'Seattle','Washington', 98195, '(08) 8110 9900', 411);

-- insert Vehicle

Insert into VEHICLE values ('L1147', 'A', '1', 'WHITE', 2017, 4, 4, 683, '10-Oct-2016', '100');
Insert into VEHICLE values ('L1156', 'B', '5', 'BLACK', 2015, 4, 4, 742, '09-Oct-2016', '100');
Insert into VEHICLE values ('L1298', 'C', '2', 'BLUE', 2016, 2, 2, 762, '13-Apr-2016', '200');
Insert into VEHICLE values ('L1259', 'A', '3', 'BLACK', 2017, 2, 4, 289, '16-Jun-2016', '200');
Insert into VEHICLE values ('L1318', 'C', '4', 'BLACK', 2015, 4, 6, 729, '26-Jul-2016', '300');
Insert into VEHICLE values ('L1389', 'C', '6', 'WHITE', 2016, 2, 2, 755, '27-Jun-2016', '300');
Insert into VEHICLE values ('L1308', 'A', '7', 'WHITE', 2017, 6, 8, 374, '06-Mar-2016', '300');
Insert into VEHICLE values ('L1408', 'B', '8', 'SILVER GRAY', 2015, 2, 2, 370, '12-Mar-2016', '400');
Insert into VEHICLE values ('L1472', 'A', '9', 'SILVER GRAY', 2016, 6, 8, 361, '20-Mar-2016', '400');
Insert into VEHICLE values ('L1485', 'A', '10', 'WHITE', 2017, 2, 2, 238, '05-Aug-2016', '400');
Insert into VEHICLE values ('L1487', 'A', '17', 'BLUE', 2017, 4, 4, 200, '05-Apr-2017', '400');

-- insert RAGREEMENT

Insert into RAGREEMENT values ('R1002', '12-Feb-2017', '14-Feb-2017', 2232, 2789, 'Third Party Fire & Theft', 'c3011', 'L1156');
Insert into RAGREEMENT values ('R1003', '04-Mar-2017', '07-Mar-2017', 6646, 7322, 'Comprehensive', 'c3005', 'L1147');
Insert into RAGREEMENT values ('R1004', '21-Mar-2017', '29-Mar-2017', 2790, 2960, 'Third Party Property Damage', 'c3013', 'L1156');
Insert into RAGREEMENT values ('R1005', '01-Apr-2017', '14-Apr-2017', 2789, 3002, 'Comprehensive', 'c3001', 'L1156');
Insert into RAGREEMENT values ('R1006', '04-Apr-2017', '07-Mar-2017', 7330, 7722, 'Comprehensive', 'c3005', 'L1147');
Insert into RAGREEMENT values ('R1007', '21-Apr-2017', '29-Apr-2017', 2960, 3900, 'Third Party Property Damage', 'c3013', 'L1156');
Insert into RAGREEMENT values ('R2005', '12-Mar-2017', '16-Mar-2017', 331, 1041, 'Comprehensive', 'c3005', 'L1259');
Insert into RAGREEMENT values ('R2006', '18-Feb-2017', '25-Mar-2017', 2420, 2605, 'Third Party Fire & Theft', 'c3014', 'L1298');
Insert into RAGREEMENT values ('R2007', '29-Mar-2017', '04-Apr-2017', 1082, 2400, 'Comprehensive', 'c3015', 'L1298');
Insert into RAGREEMENT values ('R2001', '18-Apr-2017', '25-Apr-2017', 2420, 2605, 'Third Party Fire & Theft', 'c3003', 'L1259');
Insert into RAGREEMENT values ('R2002', '29-Mar-2017', '04-Apr-2017', 2605, 4761, 'Comprehensive', 'c3004', 'L1298');
Insert into RAGREEMENT values ('R2008', '28-Mar-2017', '08-Apr-2017', 1041, 1968, 'Third Party Fire & Theft', 'c3011', 'L1259');
Insert into RAGREEMENT values ('R2009', '11-Jan-2017', '07-Mar-2017', 9374, 10437, 'Comprehensive', 'c3002', 'L1298');
Insert into RAGREEMENT values ('R2010', '07-Mar-2017', '02-Apr-2017', 8740, 9533, 'Third Party Property Damage', 'c3003', 'L1259');
Insert into RAGREEMENT values ('R3011', '16-Feb-2017', '26-Mar-2017', 6158, 7324, 'Comprehensive', 'c3012', 'L1318');
Insert into RAGREEMENT values ('R3012', '26-Feb-2017', '08-Mar-2017', 428, 1247, 'Third Party Property Damage', 'c3004', 'L1389');
Insert into RAGREEMENT values ('R4013', '27-Mar-2017', '10-Mar-2017', 3880, 4506, 'Third Party Fire & Theft', 'c3003', 'L1485');
Insert into RAGREEMENT values ('R4014', '30-Mar-2017', '15-Mar-2017', 3552, 4175, 'Comprehensive', 'c3010', 'L1472');
Insert into RAGREEMENT values ('R4015', '18-Mar-2017', '22-Feb-2017', 1473, 1632, 'Third Party Property Damage', 'c3012', 'L1408');
Insert into RAGREEMENT values ('R4016', '07-Mar-2017', '10-Mar-2017', 1634, 2000, 'Third Party Property Damage', 'c3001', 'L1408');
Insert into RAGREEMENT values ('R4017', '28-Mar-2017', '01-Apr-2017', 4507, 4800, 'Third Party Fire & Theft', 'c3008', 'L1485');
Insert into RAGREEMENT values ('R4018', '03-Apr-2017', '07-Apr-2017', 2001, 2221, 'Third Party Fire & Theft', 'c3007', 'L1408');

-- insert fault report

Insert into FAULTREPORT values ('RP1001', '14-Mar-2017', '...', '141', 'L1156', 'R1002');
Insert into FAULTREPORT values ('RP1002', '12-Mar-2017', '...', '142', 'L1147', 'R1003');
Insert into FAULTREPORT values ('RP2003', '26-Mar-2017', '...', '243', 'L1298', 'R2006');
Insert into FAULTREPORT values ('RP2004', '10-Apr-2017', '...', '243', 'L1259', 'R2008');
Insert into FAULTREPORT values ('RP3005', '15-Apr-2017', '...', '342', 'L1318', 'R2010');
Insert into FAULTREPORT values ('RP3006', '01-Apr-2017', '...', '342', 'L1318', 'R3011');
Insert into FAULTREPORT values ('RP3007', '12-Mar-2017', '...', '342', 'L1389', 'R3012');